id,name,class,power,rarity,base,armor,shield,scope0,type0,value0,stat0,scope1,type1,value1,stat1,scope2,type2,value2,stat2,scope3,type3,value3,stat3,description,special,buff,bscope0,btype0,bstat0,bvalue0,bscope1,btype1,bstat1,bvalue1
0,Autocannon Ammo (38),colossus,38,Epic,Autocannon Ammo,2828,1414,,Autocannon,5,Damage,,,,,,,,,,,,,,,,,,,,,,,
1,Colossal Stock Augment (38),colossus,38,Epic,Colossal Stock Augment,2828,1414,jav,Weap,35,Clip,,,,,,,,,,,,,Increases magazine capacity of all weapons by 5%.,,,,,,,,,,
2,Colossal Storage Augment (38),colossus,38,Epic,Colossal Storage Augment,2828,1414,jav,Weap,35,Ammo,,,,,,,,,,,,,Increases maximum ammo capacity by 35%.,,,,,,,,,,
3,Colossus Combo Augment (38),colossus,38,Epic,Colossus Combo Augment,2828,1414,jav,Combo,50,Damage,,,,,,,,,,,,,Increases combo damage by 50%.,,,,,,,,,,
4,Explosives Expert (38),colossus,38,Epic,Explosives Expert,2828,1414,jav,Blast,15,Damage,,,,,,,,,,,,,Increases all blast damage by 15%.,,,,,,,,,,
5,Grenade Launcher Ammo (38),colossus,38,Epic,Grenade Launcher Ammo,2828,1414,jav,Grenade,5,Damage,,,,,,,,,,,,,,,,,,,,,,,
6,Guardian Insignia (38),colossus,38,Epic,Guardian Insignia,2828,1414,jav,Support,50,Duration,,,,,,,,,,,,,Increases duration of support abilities by 50%.,,,,,,,,,,
7,Heavy Assault Augment (38),colossus,38,Epic,Heavy Assault Augment,2828,1414,jav,Ability 2,5,Damage,,,,,,,,,,,,,Increases heavy-assault launcher damage by 5%.,,,,,,,,,,
8,Heavy Shield Reinforcement (38),colossus,38,Epic,Heavy Shield Reinforcement,2828,1414,,,,,,,,,,,,,,,,,Increases Colossus shield damage while sprinting by 300%.,,,,,,,,,,
9,Ordnance Augment (38),colossus,38,Epic,Ordnance Augment,2828,1414,jav,Ability 1,5,Damage,,,,,,,,,,,,,Increases ordnance launcher damage by 5%.,,,,,,,,,,
10,Overclocked Regulator (38),colossus,38,Epic,Overclocked Regulator,2828,1414,jav,Elec,35,Damage,jav,Fire,35,Damage,,,,,,,,,Increases electric and fire damage by 35%.,,,,,,,,,,
11,Structual Reinforcement (38),colossus,38,Epic,Structual Reinforcement,3394,2828,,,,,,,,,,,,,,,,,Heavily reinforces the Colossus armor and shields.,,,,,,,,,,
12,Ablative Shielding (61),colossus,61,Masterwork,Structual Reinforcement,13077,8658,,,,,,,,,,,,,,,,,Heavily reinforces the Colossus armor and shields.,A shield break increases damage resistance by 25% of 5 seconds. [Max 1 Stack],Ablative Shielding Bulwark,jav,Damage,Resist,40,,,,
13,Catalytic Overdrive (61),colossus,61,Masterwork,Colossus Combo Augment,10897,4329,jav,Combo,50,Damage,,,,,,,,,,,,,Increases combo damage by 50%.,Detonating a combo increases ability damage by 40% for 20 seconds.,Catalytic Overdrive Boost,jav,Gear,Damage,40,,,,
14,Demolition Tribute (61),colossus,61,Masterwork,Heavy Shield Reinforcement,10897,4329,,,,,,,,,,,,,,,,,Increases Colossus shield damage while sprinting by 300%.,Defeating an enemy with melee instantly grants 20% armour.,,,,,,,,,
15,Emblem Of Destruction (61),colossus,61,Masterwork,Explosives Expert,10897,4329,jav,Blast,15,Damage,,,,,,,,,,,,,Increases all blast damage by 15%.,Performing a multi-kill [5] with your Ultimate will increase Ultimate charge by 3300%.,,,,,,,,,
16,Grande Entrance (61),colossus,61,Masterwork,Guardian Insignia,10897,4329,jav,Support,50,Duration,,,,,,,,,,,,,Increases duration of support abilities by 50%.,Upon hard-landing,,,,,,,,,
17,Reinforced Hull (61),colossus,61,Masterwork,Colossal Stock Augment,10897,4329,jav,Weap,35,Clip,,,,,,,,,,,,,Increases magazine capacity of all weapons by 5%.,When an effect is cleared,Reinforced Hull Boost,jav,All,Damage,33,,,,
18,Shock Treatment (61),colossus,61,Masterwork,Ordnance Augment,10897,4329,jav,Ability 1,5,Damage,,,,,,,,,,,,,Increases ordnance launcher damage by 5%.,Hitting enemies with [Ability 1] abilities increases heat dissipation by 30% for 5 seconds.,Shock Treatment Boost,jav,All,Damage,80,,,,
19,Stalwart's Badge (61),colossus,61,Masterwork,Colossal Storage Augment,10897,4329,jav,Weap,35,Ammo,,,,,,,,,,,,,Increases maximum ammo capacity by 35%.,A shield break increases all ability damage by 40$ for 5 seconds.,Stalwarts Badge Boost,jav,Gear,Damage,40,,,,
20,Synchronized Frame (61),colossus,61,Masterwork,Heavy Assault Augment,10897,4329,jav,Ability 2,5,Damage,,,,,,,,,,,,,Increases heavy-assault launcher damage by 5%.,Defeating an enemy increases [Ability 2] damage by 60% for 5 seconds.,Synchronized Frame Boost,jav,Ability 2,Damage,60,,,,
21,Vanguard Emblem (61),colossus,61,Masterwork,Overclocked Regulator,10897,4329,jav,Elec,35,Damage,jav,Fire,35,Damage,,,,,,,,,Increases electric and fire damage by 35%.,A shield break creates an explosion around you.,,,,,,,,,
22,Ablative Shielding (75),colossus,75,Legendary,Structual Reinforcement,18494,12245,,,,,,,,,,,,,,,,,Heavily reinforces the Colossus armor and shields.,A shield break increases damage resistance by 25% of 5 seconds. [Max 1 Stack],Ablative Shielding Bulwark,jav,Damage,Resist,40,,,,
23,Catalytic Overdrive (75),colossus,75,Legendary,Colossus Combo Augment,15411,6122,jav,Combo,50,Damage,,,,,,,,,,,,,Increases combo damage by 50%.,Detonating a combo increases ability damage by 40% for 20 seconds.,Catalytic Overdrive Boost,jav,Gear,Damage,40,,,,
24,Demolition Tribute (75),colossus,75,Legendary,Heavy Shield Reinforcement,15411,6122,,,,,,,,,,,,,,,,,Increases Colossus shield damage while sprinting by 300%.,Defeating an enemy with melee instantly grants 20% armour.,,,,,,,,,
25,Emblem Of Destruction (75),colossus,75,Legendary,Explosives Expert,15411,6122,jav,Blast,15,Damage,,,,,,,,,,,,,Increases all blast damage by 15%.,Performing a multi-kill [5] with your Ultimate will increase Ultimate charge by 3300%.,,,,,,,,,
26,Grande Entrance (75),colossus,75,Legendary,Guardian Insignia,15411,6122,jav,Support,50,Duration,,,,,,,,,,,,,Increases duration of support abilities by 50%.,Upon hard-landing,,,,,,,,,
27,Reinforced Hull (75),colossus,75,Legendary,Colossal Stock Augment,15411,6122,jav,Weap,35,Clip,,,,,,,,,,,,,Increases magazine capacity of all weapons by 5%.,When an effect is cleared,Reinforced Hull Boost,jav,All,Damage,33,,,,
28,Shock Treatment (75),colossus,75,Legendary,Ordnance Augment,15411,6122,jav,Ability 1,5,Damage,,,,,,,,,,,,,Increases ordnance launcher damage by 5%.,Hitting enemies with [Ability 1] abilities increases heat dissipation by 30% for 5 seconds.,Shock Treatment Boost,jav,All,Damage,80,,,,
29,Stalwart's Badge (75),colossus,75,Legendary,Colossal Storage Augment,15411,6122,jav,Weap,35,Ammo,,,,,,,,,,,,,Increases maximum ammo capacity by 35%.,A shield break increases all ability damage by 40$ for 5 seconds.,Stalwarts Badge Boost,jav,Gear,Damage,40,,,,
30,Synchronized Frame (75),colossus,75,Legendary,Heavy Assault Augment,15411,6122,jav,Ability 2,5,Damage,,,,,,,,,,,,,Increases heavy-assault launcher damage by 5%.,Defeating an enemy increases [Ability 2] damage by 60% for 5 seconds.,Synchronized Frame Boost,jav,Ability 2,Damage,60,,,,
31,Vanguard Emblem (75),colossus,75,Legendary,Overclocked Regulator,15411,6122,jav,Elec,35,Damage,jav,Fire,35,Damage,,,,,,,,,Increases electric and fire damage by 35%.,A shield break creates an explosion around you.,,,,,,,,,
32,Amphibious Augment (38),interceptor,38,Epic,Amphibious Augment,678,337,jav,Acid,20,Damage,jav,Acid,20,Resistance,jav,Oxygen,20,Max,,,,,Increases acid damage and oxygen capacity by 20% of base,,,,,,,,,,
33,Assault System Augment (38),interceptor,38,Epic,Assault System Augment,678,337,jav,Ability 1,5,Damage,,,,,,,,,,,,,Enhances the Assault System to increase damage by 5% of base damage.,,,,,,,,,,
34,Battle Inscription (38),interceptor,38,Epic,Battle Inscription,678,337,jav,Weap,25,Damage,,,,,,,,,,,,,Increases weapon damage by 25% of base.,,,,,,,,,,
35,Blade Inscription (38),interceptor,38,Epic,Blade Inscription,678,337,jav,Melee,10,Damage,,,,,,,,,,,,,An inscribed component that enhances interceptor melee strikes to increase damage by 10% of base damage.,,,,,,,,,,
36,Conductivity Augment (38),interceptor,38,Epic,Conductivity Augment,678,337,jav,Elec,20,Damage,jav,Elec,20,Resistance,jav,Gear,-20,Recharge,,,,,Increases electricity damage,,,,,,,,,,
37,Diverted Energy Circuit (38),interceptor,38,Epic,Diverted Energy Circuit,678,337,jav,Shield,25,Max,jav,Armor,-25,Max,,,,,,,,,Increases maximum shields by 25% of base and decreases armor by 25% of base.,,,,,,,,,,
38,Double-Edged Inscription (38),interceptor,38,Epic,Double-Edged Inscription,678,337,jav,All,35,Damage,jav,All,35,Damage Received,,,,,,,,,Increases all damage dealt by 35% of base and damage taken by 35% of base.,,,,,,,,,,
39,Gunner's Inscription (38),interceptor,38,Epic,Gunner's Inscription,678,337,jav,Weap,20,Clip,jav,Ammo,50,Drop Rate,,,,,,,,,Increases weapon magazine size by 20% of base and ammo drop rate by 50% of base.,,,,,,,,,,
40,Interceptor Combo Augment (38),interceptor,38,Epic,Interceptor Combo Augment,678,337,jav,Combo,40,Aura Pulse,,,,,,,,,,,,,Increases aura combo pulse frequency by 40% of base.,,,,,,,,,,
41,Strike System Augment (38),interceptor,38,Epic,Strike System Augment,678,337,jav,Ability 2,5,Damage,,,,,,,,,,,,,Enhances the Strike System to increase damage by 5% of base damage.,,,,,,,,,,
42,Conductive Lattice (61),interceptor,61,Masterwork,Conductivity Augment,2836,1492,jav,Elec,20,Damage,jav,Elec,20,Resistance,jav,Gear,-20,Recharge,,,,,Increases electricity damage,,,,,,,,,,
43,Elusive Talisman (61),interceptor,61,Masterwork,Battle Inscription,2836,1492,jav,Weap,25,Damage,,,,,,,,,,,,,Increases weapon damage by 25% of base.,Dashing [3] times refills the equipped weapon magazine.,,,,,,,,,
44,Survival Algorithm (61),interceptor,61,Masterwork,Diverted Energy Circuit,2836,1492,jav,Shield,35,Max,jav,Armor,35,Max,,,,,,,,,Increases maximum shields by 35% of base and decreases armor by 35% of base.,Clearing a negative status recharges shields by 20%. Can occur once every 10 seconds.,,,,,,,,,
45,Talisman of Power (61),interceptor,61,Masterwork,Strike System Augment,2836,1492,jav,Ability 2,10,Damage,,,,,,,,,,,,,Enhances the Strike System to increase damage by 10% of base damage.,Any [Ability 2] hit increases [Ability 1] damage by 50% for 5 seconds.,Talisman of Power Boost,jav,Ability 1,Damage,60,,,,
46,Vengeance Matrix (61),interceptor,61,Masterwork,Double-Edged Inscription,2836,1492,jav,All,50,Damage,jav,All,25,Damage Received,,,,,,,,,Increases all damage dealt by 50% of base and damage taken by 25% of base.,On low health,Vengeance Matrix Bulwark,jav,Damage,Resist,50,,,,
47,Way of Integration (61),interceptor,61,Masterwork,Amphibious Augment,2836,1492,jav,Acid,20,Damage,jav,Acid,20,Resistance,jav,Oxygen,20,Max,,,,,Increases acid damage and oxygen capacity by 20% of base,,Way of Integration Boost,jav,All,Damage,30,,,,
48,Way of Resolve (61),interceptor,61,Masterwork,Blade Inscription,2836,1492,jav,Melee,10,Damage,,,,,,,,,,,,,An inscribed component that enhances interceptor melee strikes to increase damage by 10% of base damage.,Dashing increases melee damage by 40% for 10 seconds. [Max 1 Stack],Way of Resolve Boost,jav,Melee,Damage,40,,,,
49,Way of Salvage (61),interceptor,61,Masterwork,Gunner's Inscription,2836,1492,jav,Weap,30,Clip,jav,Ammo,50,Drop Rate,,,,,,,,,Increases weapon magazine size by 30% of base and ammo drop rate by 50% of base.,Collecting ammo increases weapon damage by 40% for 5 seconds.,Way of Salvage Boost,jav,Weap,Damage,40,,,,
50,Way of The Bold (61),interceptor,61,Masterwork,Interceptor Combo Augment,2836,1492,jav,Combo,40,Aura Pulse,,,,,,,,,,,,,Increases aura combo pulse frequency by 40% of base.,Defeating an enemy with a melee restores 20% armor.,,,,,,,,,
51,Way of the Swift (61),interceptor,61,Masterwork,Assault System Augment,2836,1492,jav,Ability 1,5,Damage,,,,,,,,,,,,,Enhances the Assault System to increase damage by 5% of base damage.,Any [Ability 1] hit increases [Ability 2] damage by 50% for 5 seconds.,Way of the Swift Boost,jav,Ability 2,Damage,60,,,,
52,Conductive Lattice (75),interceptor,75,Legendary,Conductivity Augment,4011,2111,jav,Elec,20,Damage,jav,Elec,20,Resistance,jav,Gear,-20,Recharge,,,,,Increases electricity damage,,,,,,,,,,
53,Elusive Talisman (75),interceptor,75,Legendary,Battle Inscription,4011,2111,jav,Weap,25,Damage,,,,,,,,,,,,,Increases weapon damage by 25% of base.,Dashing [3] times refills the equipped weapon magazine.,,,,,,,,,
54,Survival Algorithm (75),interceptor,75,Legendary,Diverted Energy Circuit,4011,2111,jav,Shield,35,Max,jav,Armor,35,Max,,,,,,,,,Increases maximum shields by 35% of base and decreases armor by 35% of base.,Clearing a negative status recharges shields by 20%. Can occur once every 10 seconds.,,,,,,,,,
55,Talisman of Power (75),interceptor,75,Legendary,Strike System Augment,4011,2111,jav,Ability 2,10,Damage,,,,,,,,,,,,,Enhances the Strike System to increase damage by 10% of base damage.,Any [Ability 2] hit increases [Ability 1] damage by 50% for 5 seconds.,Talisman of Power Boost,jav,Ability 1,Damage,60,,,,
56,Vengeance Matrix (75),interceptor,75,Legendary,Double-Edged Inscription,4011,2111,jav,All,50,Damage,jav,All,-25,Damage Received,,,,,,,,,Increases all damage dealt by 50% of base and damage taken by 25% of base.,On low health,Vengeance Matrix Bulwark,jav,Damage,Resist,50,,,,
57,Way of Integration (75),interceptor,75,Legendary,Amphibious Augment,4011,2111,jav,Acid,20,Damage,jav,Acid,20,Resistance,jav,Oxygen,20,Max,,,,,Increases acid damage and oxygen capacity by 20% of base,,Way of Integration Boost,jav,All,Damage,30,,,,
58,Way of Resolve (75),interceptor,75,Legendary,Blade Inscription,4011,2111,jav,Melee,10,Damage,,,,,,,,,,,,,An inscribed component that enhances interceptor melee strikes to increase damage by 10% of base damage.,Dashing increases melee damage by 40% for 10 seconds. [Max 1 Stack],Way of Resolve Boost,jav,Melee,Damage,40,,,,
59,Way of Salvage (75),interceptor,75,Legendary,Gunner's Inscription,4011,2111,jav,Weap,30,Clip,jav,Ammo,50,Drop Rate,,,,,,,,,Increases weapon magazine size by 30% of base and ammo drop rate by 50% of base.,Collecting ammo increases weapon damage by 40% for 5 seconds.,Way of Salvage Boost,jav,Weap,Damage,40,,,,
60,Way of The Bold (75),interceptor,75,Legendary,Interceptor Combo Augment,4011,2111,jav,Combo,40,Aura Pulse,,,,,,,,,,,,,Increases aura combo pulse frequency by 40% of base.,Defeating an enemy with a melee restores 20% armor.,,,,,,,,,
61,Way of the Swift (75),interceptor,75,Legendary,Assault System Augment,4011,2111,jav,Ability 1,5,Damage,,,,,,,,,,,,,Enhances the Assault System to increase damage by 5% of base damage.,Any [Ability 1] hit increases [Ability 2] damage by 50% for 5 seconds.,Way of the Swift Boost,jav,Ability 2,Damage,60,,,,
62,Advanced Circuitry (38),ranger,38,Epic,Advanced Circuitry,509,509,jav,Melee,30,Damage,jav,Elec,30,Effect,,,,,,,,,Increases melee damage by 30% of base,,,,,,,,,,
63,Assault Augment (38),ranger,38,Epic,Assault Augment,509,509,jav,Ability 2,15,Damage,,,,,,,,,,,,,Enhances the Assault Launcher to increase damage by 5% of base damage.,,,,,,,,,,
64,Convergence Core (38),ranger,38,Epic,Convergence Core,509,509,jav,Kinetic,35,Damage,jav,Blast,-15,Damage,,,,,,,,,Increases impact damage by 35% of base,,,,,,,,,,
65,Crossed Arms (38),ranger,38,Epic,Crossed Arms,509,509,jav,Blast,35,Damage,jav,Kinetic,-15,Damage,,,,,,,,,Increases blast damage by 50% of base,,,,,,,,,,
66,Firearm Calibration Core (38),ranger,38,Epic,Firearm Calibration Core,509,509,jav,Weap,25,Damage,,,,,,,,,,,,,Increases damage with all guns by 25% of base damage.,,,,,,,,,,
67,Grenade Augment (38),ranger,38,Epic,Grenade Augment,509,509,jav,Ability 1,15,Damage,,,,,,,,,,,,,Enhances grenades to increase damage by 5% of base damage.,,,,,,,,,,
68,Grenadier Inscription (38),ranger,38,Epic,Grenadier Inscription,509,509,jav,Ability 1,30,Recharge,,,,,,,,,,,,,Increases grenade recharge rate by 35% of base speed.,,,,,,,,,,
69,Ranger Combo Augment (38),ranger,38,Epic,Ranger Combo Augment,509,509,jav,Combo,50,Damage,,,,,,,,,,,,,Increases combo damage by 50% of base damage.,,,,,,,,,,
70,Thermal Regulator (38),ranger,38,Epic,Thermal Regulator,509,509,jav,Fire,25,Damage,jav,Thruster,25,Life,jav,Fire,25,Resist,,,,,Increases fire damage and max heat capacity by 20% of base values,,,,,,,,,,
71,Vented Thrusters (38),ranger,38,Epic,Vented Thrusters,509,509,jav,Thruster,35,Life,,,,,,,,,,,,,Increases the threshold before overheating occurs by 35% of the base threshold.,,,,,,,,,,
72,Airborne Advantage (61),ranger,61,Masterwork,Convergence Core,2164,2164,jav,Kinetic,50,Damage,jav,Blast,-20,Damage,,,,,,,,,Increases impact damage by 50% and decreases blast damage by -20%.,Hovering increases all resistances by 10%.,Airborne Advantage Bulwark,jav,Damage,Resist,25,,,,
73,Badge of Devastation (61),ranger,61,Masterwork,Assault Augment,2164,2164,jav,Ability 2,30,Damage,,,,,,,,,,,,,Enhances the Assault Launcher to increase damage by 5% of base damage.,Performing a large hit-streak [10] will instantly add 1 ultimate charge.,,,,,,,,,
74,Combined Arms (61),ranger,61,Masterwork,Grenade Augment,2164,2164,jav,Ability 1,30,Damage,,,,,,,,,,,,,Increases grenade damage by 30%.,Defeating an enemy with [Ability 2] gear increases [Ability 1] gear damage by 60% for 10 seconds.,Combined Arms Boost,jav,Ability 1,Damage,60,,,,
76,Elemental Ops (61),ranger,61,Masterwork,Thermal Regulator,2164,2164,jav,Fire,50,Damage,jav,Thruster,50,Life,jav,Fire,50,Resist,,,,,Increases fire damage and maximum heat capacity by 20% and fire resistance by 20%.,Increases elemental effects applied to enemies by 20%.,,,,,,,,,
77,General's Favor (61),ranger,61,Masterwork,Grenadier Inscription,2164,2164,jav,Ability 1,40,Recharge,,,,,,,,,,,,,Increases grenade recharge rate by 40% of base speed.,Hitting an enemy with melee increases grenade damage by 45% for 10 seconds. ,General's Favor Boost,jav,Ability 1,Damage,45,,,,
78,Second Wind (61),ranger,61,Masterwork,Firearm Calibration Core,2164,2164,jav,Weap,25,Damage,,,,,,,,,,,,,Increases all weapon damage by 25%. ,"On low health, increases gun damage by 60% for 10 seconds",Second Wind Boost,jav,Weap,Damage,60,,,,
79,Tactical Advantage (61),ranger,61,Masterwork,Vented Thrusters,2164,2164,jav,Thruster,50,Life,,,,,,,,,,,,,Increases the threshold before overheating occurs by 35% of the base threshold.,Weak point hits lower thruster-heat buildup by 10% for 5 seconds.,Tactical Advantage Boost,jav,Thruster,life,500,,,,
80,Tip of the Spear (61),ranger,61,Masterwork,Ranger Combo Augment,2164,2164,jav,Combo,60,Damage,,,,,,,,,,,,,Increases combo damage by 50%.,Performing a combo restores 40% armor to nearby allies. (Currently doesn't work on allies.),,,,,,,,,
81,Vanguard's Badge (61),ranger,61,Masterwork,Advanced Circuitry,2164,2164,jav,Melee,40,Damage,jav,Elec,40,Effect,,,,,,,,,Increases melee damage by 30% of base,,,,,,,,,,
82,Victor's Resolve (61),ranger,61,Masterwork,Crossed Arms,2164,2164,jav,Blast,50,Damage,jav,Kinetic,-20,Damage,,,,,,,,,Increases blast damage by 50% of base,,,,,,,,,,
83,Airborne Advantage (75),ranger,75,Legendary,Convergence Core,3061,3061,jav,Kinetic,50,Damage,jav,Blast,-20,Damage,,,,,,,,,Increases impact damage by 50% and decreases blast damage by -20%.,Hovering increases all resistances by 10%.,Airborne Advantage Bulwark,jav,Damage,Resist,25,,,,
84,Badge of Devastation (75),ranger,75,Legendary,Assault Augment,3061,3061,jav,Ability 2,30,Damage,,,,,,,,,,,,,Enhances the Assault Launcher to increase damage by 5% of base damage.,Performing a large hit-streak [10] will instantly add 1 ultimate charge.,,,,,,,,,
85,Combined Arms (75),ranger,75,Legendary,Grenade Augment,3061,3061,jav,Ability 1,30,Damage,,,,,,,,,,,,,Increases grenade damage by 30%.,Defeating an enemy with [Ability 2] gear increases [Ability 1] gear damage by 60% for 10 seconds.,Combined Arms Boost,jav,Ability 1,Damage,60,,,,
87,Elemental Ops (75),ranger,75,Legendary,Thermal Regulator,3061,3061,jav,Fire,50,Damage,jav,Thruster,50,Life,jav,Fire,50,Resist,,,,,Increases fire damage and maximum heat capacity by 20% and fire resistance by 20%.,Increases elemental effects applied to enemies by 20%.,,,,,,,,,
88,General's Favor (75),ranger,75,Legendary,Grenadier Inscription,3061,3061,jav,Ability 1,40,Recharge,,,,,,,,,,,,,Increases grenade recharge rate by 40% of base speed.,Hitting an enemy with melee increases grenade damage by 45% for 10 seconds. ,General's Favor Boost,jav,Ability 1,Damage,45,,,,
89,Second Wind (75),ranger,75,Legendary,Firearm Calibration Core,3061,3061,jav,Weap,25,Damage,,,,,,,,,,,,,Increases all weapon damage by 25%. ,"On low health, increases gun damage by 60% for 10 seconds",Second Wind Boost,jav,Weap,Damage,60,,,,
90,Tactical Advantage (75),ranger,75,Legendary,Vented Thrusters,3061,3061,jav,Thruster,50,Life,,,,,,,,,,,,,Increases the threshold before overheating occurs by 35% of the base threshold.,Weak point hits lower thruster-heat buildup by 10% for 5 seconds.,Tactical Advantage Boost,jav,Thruster,life,500,,,,
91,Tip of the Spear (75),ranger,75,Legendary,Ranger Combo Augment,3061,3061,jav,Combo,60,Damage,,,,,,,,,,,,,Increases combo damage by 50%.,Performing a combo restores 40% armor to nearby allies. (Currently doesn't work on allies.),,,,,,,,,
92,Vanguard's Badge (75),ranger,75,Legendary,Advanced Circuitry,3061,3061,jav,Melee,40,Damage,jav,Elec,40,Effect,,,,,,,,,Increases melee damage by 30% of base,,,,,,,,,,
93,Victor's Resolve (75),ranger,75,Legendary,Crossed Arms,3061,3061,jav,Blast,50,Damage,jav,Kinetic,-20,Damage,,,,,,,,,Increases blast damage by 50% of base,,,,,,,,,,
94,Chaos Core (38),storm,38,Epic,Chaos Core,339,678,jav,Blast,50,Damage,,,,,,,,,,,,,Increases blast damage by 35%.,,,,,,,,,,
95,Elemental Attunement (38),storm,38,Epic,Elemental Attunement,339,678,jav,Elemental,35,Resist,,,,,,,,,,,,,Increases elemental damage resistance by 35%,,,,,,,,,,
96,Elemental Conduit (38),storm,38,Epic,Elemental Conduit,339,678,jav,Elemental,35,Damage,jav,Physical,35,Damage,,,,,,,,,Increases elemental damage by 35% of base,,,,,,,,,,
97,Elemental Empowerment (38),storm,38,Epic,Elemental Empowerment,339,678,jav,Gear,50,Recharge,jav,Gear,-20,Damage,,,,,,,,,Increases gear recharge rate by 50% of base and lowers gear damage by -20% of base.,,,,,,,,,,
98,Elemental Synergy (38),storm,38,Epic,Elemental Synergy,339,678,jav,Gear,50,Damage,jav,Gear,-20,Recharge,,,,,,,,,Increases gear damage by 50% of base damage,,,,,,,,,,
99,Fire Inscription (38),storm,38,Epic,Fire Inscription,339,678,jav,Fire,5,Damage,jav,Fire,5,Status,,,,,,,,,Increases fire damage by 5% of base damage and effect buildup by 5% of base buildup.,,,,,,,,,,
100,Ice Inscription (38),storm,38,Epic,Ice Inscription,339,678,jav,Ice,5,Damage,jav,Ice,5,Status,,,,,,,,,Increases ice damage by 5% of base damage and effect buildup by 5% of base buildup.,,,,,,,,,,
101,Integrity Augment (38),storm,38,Epic,Integrity Augment,339,678,jav,Armor,25,Max,,,,,,,,,,,,,Increases armor by 25% of base.,,,,,,,,,,
102,Lightning Inscription (38),storm,38,Epic,Lightning Inscription,339,678,jav,Elec,5,Damage,jav,Elec,5,Status,,,,,,,,,Increases lightning damage by 5% of base damage and effect buildup by 5% of base buildup.,,,,,,,,,,
103,Amulet of Winter (61),storm,61,Masterwork,Ice Inscription,1492,2836,jav,Ice,5,Damage,jav,Ice,5,Effect,,,,,,,,,Increases ice damage by 5% and ice effect by 5%.,Applying ice effects increases weapon damage by 40% for 20 seconds.,Amulet of Winter Boost,jav,Weap,Damage,30,,,,
104,Gunslinger's Mark (61),storm,61,Masterwork,Elemental Empowerment,1492,2836,jav,Gear,50,Recharge,jav,Gear,-20,Damage,,,,,,,,,Increases gear recharge rate by 50% of base,,Gunslinger's Mark Sense,jav,Critical,Damage,60,,,,
105,Mark of Clarity (61),storm,61,Masterwork,Elemental Attunement,1492,2836,jav,Elemental,35,Resist,,,,,,,,,,,,,Increases elemental damage resistance by 35%.,Clearing a status restores 20% armor. Can occur once every 10 seconds.,,,,,,,,,
106,Mark of Ruin (61),storm,61,Masterwork,Fire Inscription,1492,2836,jav,Fire,5,Damage,jav,Fire,5,Status,,,,,,,,,Increases fire damage by 5% of base damage and effect buildup by 5% of base buildup.,While [Ability 1] recharges,Mark of Ruin Boost,jav,Fire,Damage,50,,,,
107,Mark of Wrath (61),storm,61,Masterwork,Elemental Synergy,1492,2836,jav,Gear,50,Damage,jav,Gear,-20,Recharge,,,,,,,,,Increases gear damage by 50% and lowers gear recharge rate by -20%.,While [Ability 2] recharges,,,,,,,,,
108,Storm Combo Augment (38),storm,61,Epic,Storm Combo Augment,339,678,jav,Storm Combo,100,Augment,,,,,,,,,,,,,Increases the number of combo chains by [2].,,,,,,,,,,
109,Token of Daring (61),storm,61,Masterwork,Elemental Conduit,1492,2836,jav,Elemental,35,Damage,jav,Physical,35,Damage,,,,,,,,,Increases elemental damage by 35% and decreases physical damage by -35%.,A shield break increases seal damage by 20% for 20 seconds.,,,,,,,,,
110,Token of the Master (61),storm,61,Masterwork,Chaos Core,1492,2836,jav,Blast,35,Damage,,,,,,,,,,,,,Increases blast damage by 35%.,Hittings an enemy with a [Ability 2] increases [Ability 1] damage by 60% for 5 seconds.,Token of the Master Boost,jav,Ability 1,Damage,60,,,,
111,Token of the Pupil (61),storm,61,Masterwork,Storm Combo Augment,1492,2836,jav,Storm Combo,100,Augment,,,,,,,,,,,,,Increases the number of combo chains by [2].,Hittings an enemy with a [Ability 1] increases [Ability 2] damage by 60% for 5 seconds.,Token of the Pupil Boost,jav,Ability 2,Damage,60,,,,
112,Tome of Precision (61),storm,61,Masterwork,Lightning Inscription,1492,2836,jav,Elec,5,Damage,jav,Elec,5,Status,,,,,,,,,Increases lightning damage by 5% of base damage and effect buildup by 5% of base buildup.,Sniper rifle weak point kills increase electric damage by 60% for 5 seconds. [Max 1 Stack],Tome of Precision Furer,jav,Elemental,Damage,40,,,,
113,Vanguard's Token (61),storm,61,Masterwork,Integrity Augment,1492,2836,jav,Armor,25,Max,,,,,,,,,,,,,Increases armor by 25% of base.,A shield break increases damage resistance by 10% for 20 seconds.,Vanguard's Token Bulwark,jav,Damage,Resist,40,,,,
114,Amulet of Winter (75),storm,75,Legendary,Ice Inscription,1714,3258,jav,Ice,5,Damage,jav,Ice,5,Effect,,,,,,,,,Increases ice damage by 5% and ice effect by 5%.,Applying ice effects increases weapon damage by 40% for 20 seconds.,Amulet of Winter Boost,jav,Weap,Damage,30,,,,
115,Gunslinger's Mark (75),storm,75,Legendary,Elemental Empowerment,1714,3258,jav,Gear,50,Recharge,jav,Gear,-20,Damage,,,,,,,,,Increases gear recharge rate by 50% of base,,Gunslinger's Mark Sense,jav,Critical,Damage,60,,,,
116,Mark of Clarity (75),storm,75,Legendary,Elemental Attunement,1714,3258,jav,Elemental,35,Resist,,,,,,,,,,,,,Increases elemental damage resistance by 35%.,Clearing a status restores 20% armor. Can occur once every 10 seconds.,,,,,,,,,
117,Mark of Ruin (75),storm,75,Legendary,Fire Inscription,1714,3258,jav,Fire,5,Damage,jav,Fire,5,Status,,,,,,,,,Increases fire damage by 5% of base damage and effect buildup by 5% of base buildup.,While [Ability 1] recharges,Mark of Ruin Boost,jav,Fire,Damage,50,,,,
118,Mark of Wrath (75),storm,75,Legendary,Elemental Synergy,1714,3258,jav,Gear,50,Damage,jav,Gear,-20,Recharge,,,,,,,,,Increases gear damage by 50% and lowers gear recharge rate by -20%.,While [Ability 2] recharges,,,,,,,,,
119,Token of Daring (75),storm,75,Legendary,Elemental Conduit,1714,3258,jav,Elemental,35,Damage,jav,Physical,-35,Damage,,,,,,,,,Increases elemental damage by 35% and decreases physical damage by -35%.,A shield break increases seal damage by 20% for 20 seconds.,,,,,,,,,
120,Token of the Master (75),storm,75,Legendary,Chaos Core,1714,3258,jav,Blast,35,Damage,,,,,,,,,,,,,Increases blast damage by 35%.,Hittings an enemy with a [Ability 2] increases [Ability 1] damage by 60% for 5 seconds.,Token of the Master Boost,jav,Ability 1,Damage,60,,,,
121,Token of the Pupil (75),storm,75,Legendary,Storm Combo Augment,1714,3258,jav,Storm Combo,100,Augment,,,,,,,,,,,,,Increases the number of combo chains by [2].,Hittings an enemy with a [Ability 1] increases [Ability 2] damage by 60% for 5 seconds.,Token of the Pupil Boost,jav,Ability 2,Damage,60,,,,
122,Tome of Precision (75),storm,75,Legendary,Lightning Inscription,1714,3258,jav,Elec,5,Damage,jav,Elec,5,Status,,,,,,,,,Increases lightning damage by 5% of base damage and effect buildup by 5% of base buildup.,Sniper rifle weak point kills increase electric damage by 60% for 5 seconds. [Max 1 Stack],Tome of Precision Furer,jav,Elemental,Damage,40,,,,
123,Vanguard's Token (75),storm,75,Legendary,Integrity Augment,1714,3258,jav,Armor,25,Max,,,,,,,,,,,,,Increases armor by 25% of base.,A shield break increases damage resistance by 10% for 20 seconds.,Vanguard's Token Bulwark,jav,Damage,Resist,40,,,,
124,Ammo Compartment (38),universal,38,Epic,Ammo Compartment,113,113,jav,Weap,15,Ammo,,,,,,,,,,,,,Increases reserve ammo for all equipped guns by 5% of base capacity.,,,,,,,,,,
125,Armor Reinforcement (38),universal,38,Epic,Armor Reinforcement,1131,113,,,,,,,,,,,,,,,,,Increases javelin armor by a large amount.,,,,,,,,,,
126,Assault Rifle Ammo (38),universal,38,Epic,Assault Rifle Ammo,113,113,jav,A-Rifle,15,Damage,,,,,,,,,,,,,Adds specialized storage for enhanced Assault Rifle ammunition to increase damage by 5% of base damage.,,,,,,,,,,
127,Heat Sink (38),universal,38,Epic,Heat Sink,113,113,jav,Thruster,25,Life,,,,,,,,,,,,,Increases the javelin's heat capacity by 10% of the base capacity to allow the javelin to fly more effectively.,,,,,,,,,,
128,Light Machine Gun Ammo (38),universal,38,Epic,Light Machine Gun Ammo,113,113,jav,LMG,15,Damage,,,,,,,,,,,,,Adds specialized storage for enhanced Light Machine Gun ammunition to increase damage by 5% of base damage.,,,,,,,,,,
130,Marksman Rifle Ammo (38),universal,38,Epic,Marksman Rifle Ammo,113,113,jav,Mks Rifle,15,Damage,,,,,,,,,,,,,Adds specialized storage for enhanced Marksman Rifle ammunition to increase damage by 5% of base damage.,,,,,,,,,,
131,Melee Inscription (38),universal,38,Epic,Melee Inscription,113,113,jav,Melee,15,Damage,,,,,,,,,,,,,An inscribed component that increases melee weapon damage by 5% of base damage.,,,,,,,,,,
132,Shield Reinforcement (38),universal,38,Epic,Shield Reinforcement,113,1131,,,,,,,,,,,,,,,,,Increases javelin shields by a large amount.,,,,,,,,,,
133,Shotgun Ammo (38),universal,38,Epic,Shotgun Ammo,113,113,jav,Shotgun,15,Damage,,,,,,,,,,,,,Adds specialized storage for enhanced Shotgun ammunition to increase damage by 30% of base damage.,,,,,,,,,,
134,Sniper Rifle Ammo (38),universal,38,Epic,Sniper Rifle Ammo,113,113,jav,Sniper,15,Damage,,,,,,,,,,,,,Adds specialized storage for enhanced Sniper Rifle ammunition to increase damage by 5% of base damage.,,,,,,,,,,
135,Special Arms Ammo (38),universal,38,Epic,Special Arms Ammo,113,113,jav,Hvy Pistol,15,Damage,jav,GrenLaun,15,Damage,,,,,,,,,Adds specialized ammo storage for heavy pistols,,,,,,,,,,
136,Ultimate Inscription (38),universal,38,Epic,Ultimate Inscription,113,113,jav,Ultimate,15,Damage,,,,,,,,,,,,,An inscribed component that augments javalin ultimate gear and increases damage by 5% of base damage.,,,,,,,,,,
137,Acid Slugs (61),universal,61,Masterwork,Shotgun Ammo,373,373,jav,Shotgun,30,Damage,,,,,,,,,,,,,Adds specialized storage for enhanced Shotgun ammunition to increase damage by 30% of base damage.,Hitting [7] Shotgun Shots in a single burst applies acid on the target. ,,,,,,,,,
138,BloodLust (61),universal,61,Masterwork,Melee Inscription,373,373,jav,Melee,30,Damage,,,,,,,,,,,,,An inscribed component that increases melee weapon damage by 30% of base damage. ,Increases melee damage by 75% for 10 seconds when using melee attacks on an enemy.,Bloodlust Boost,jav,Melee,Damage,75,,,,
139,Emergency Power (61),universal,61,Masterwork,Ultimate Inscription,373,373,jav,Ultimate,30,Damage,,,,,,,,,,,,,An inscribed component that augments javelin Ultimate gear and increases damage by 30% of base damage. ,Ultimate meter refills instantly when armor is critically damaged. Can occur once every 120 seconds.,,,,,,,,,
140,Extended Sniper Magazine (61),universal,61,Masterwork,Sniper Rifle Ammo,373,373,jav,Sniper,30,Damage,,,,,,,,,,,,,Adds specialized storage for enhanced sniper rifle ammunition. Increases damage by 30% of base damage. ,Increases maximum magazine size of sniper rifles by a large amount.,,,,,,,,,
141,Extended Special Arms Magazine (61),universal,61,Masterwork,Special Arms Ammo,373,373,jav,Hvy Pistol,30,Damage,jav,GrenLaun,30,Damage,,,,,,,,,Adds specialized ammo storage for heavy pistols and grenade launchers. Increases damage by 30%.,Increases maximum magazine size of heavy pistols and grenade launchers by a large amount. ,,,,,,,,,
142,Feedback Loop (61),universal,61,Masterwork,Assault Rifle Ammo,373,373,jav,A-Rifle,30,Damage,,,,,,,,,,,,,Adds specialized storage for enhanced Assault Rifle Ammunition. Increases damage by 30% of Base damage. ,Increases damage resistance by 50% for 10 seconds when firing the last shot in an assault rifle magazine. ,Feedback Loop Bulwark,jav,Damage,Resist,50,,,,
143,Focused Freeze (61),universal,61,Masterwork,Light Machine Gun Ammo,373,373,jav,LMG,30,Damage,,,,,,,,,,,,,Adds specialized storage for enhanced Light Machine Gun ammunition. Increases damage by 30% of base damage.,"On a consecutive LMG hit-streak (10), shots freeze the target. ",,,,,,,,,
144,Giant Slayer (61),universal,61,Masterwork,Marksman Rifle Ammo,373,373,jav,Mks Rifle,30,Damage,,,,,,,,,,,,,Adds specialized storage for enhanced marksman rifle ammunition. Increases damage by 30% of Base damage,Increases weak point damage by 50% after a consecutive Marksman rifle hit streak [5]. ,Giant Slayer Boost,jav,Critical,Damage,50,,,,
145,Rapid Hollow Points (61),universal,61,Masterwork,Machine Pistol Ammo,373,373,jav,Mch Pistol,30,Damage,jav,Autocannon,30,Damage,,,,,,,,,Adds specialized ammo storage for machine pistols and autocannons. Increases damage by 30%. ,Increases weak point damage of machine pistols and autocannons. ,,,,,,,,,
146,Rejuvenating Ammo (61),universal,61,Masterwork,Ammo Compartment,373,373,jav,Weap,30,Ammo,,,,,,,,,,,,,Increases reserve ammo for all equipped guns by 30% of base capacity.,Replenishes armor by 20% when picking up an ammo pack. ,,,,,,,,,
147,Softened Blows (61),universal,61,Masterwork,Shield Reinforcement,373,2239,,,,,,,,,,,,,,,,,Increases javelin shields by a large amount. ,Increases damage resistance by 75% for 5 seconds when shields run out.,Softened Blows Bulwark,jav,Damage,Resist,75,,,,
148,Symbiotic Surge (61),universal,61,Masterwork,Armor Reinforcement,2239,373,,,,,,,,,,,,,,,,,Increases javelin armor by a large amount.,Increases all damage by 50% for 10 seconds when picking up a repair pack. ,Symbiotic Surge Boost,jav,All,Damage,50,,,,
149,Thermal Cooling (61),universal,61,Masterwork,Heat Sink,373,373,jav,Thruster,50,Life,,,,,,,,,,,,,Increases the javelin's heat capacity by 50% of the base capacity to allow the javelin to fly more effectively.,Reduces time you stay overheated significantly. ,,,,,,,,,
150,Acid Slugs (75),universal,75,Legendary,Shotgun Ammo,527,527,jav,Shotgun,30,Damage,,,,,,,,,,,,,Adds specialized storage for enhanced Shotgun ammunition to increase damage by 30% of base damage.,Hitting [7] Shotgun Shots in a single burst applies acid on the target. ,,,,,,,,,
151,BloodLust (75),universal,75,Legendary,Melee Inscription,527,527,jav,Melee,30,Damage,,,,,,,,,,,,,An inscribed component that increases melee weapon damage by 30% of base damage. ,Increases melee damage by 75% for 10 seconds when using melee attacks on an enemy.,Bloodlust Boost,jav,Melee,Damage,75,,,,
152,Emergency Power (75),universal,75,Legendary,Ultimate Inscription,527,527,jav,Ultimate,30,Damage,,,,,,,,,,,,,An inscribed component that augments javelin Ultimate gear and increases damage by 30% of base damage. ,Ultimate meter refills instantly when armor is critically damaged. Can occur once every 120 seconds.,,,,,,,,,
153,Extended Sniper Magazine (75),universal,75,Legendary,Sniper Rifle Ammo,527,527,jav,Sniper,30,Damage,,,,,,,,,,,,,Adds specialized storage for enhanced sniper rifle ammunition. Increases damage by 30% of base damage. ,Increases maximum magazine size of sniper rifles by a large amount.,,,,,,,,,
154,Extended Special Arms Magazine (75),universal,75,Legendary,Special Arms Ammo,527,527,jav,Hvy Pistol,30,Damage,jav,GrenLaun,30,Damage,,,,,,,,,Adds specialized ammo storage for heavy pistols and grenade launchers. Increases damage by 30%.,Increases maximum magazine size of heavy pistols and grenade launchers by a large amount. ,,,,,,,,,
155,Feedback Loop (75),universal,75,Legendary,Assault Rifle Ammo,527,527,jav,A-Rifle,30,Damage,,,,,,,,,,,,,Adds specialized storage for enhanced Assault Rifle Ammunition. Increases damage by 30% of Base damage. ,Increases damage resistance by 50% for 10 seconds when firing the last shot in an assault rifle magazine. ,Feedback Loop Bulwark,jav,Damage,Resist,50,,,,
156,Focused Freeze (75),universal,75,Legendary,Light Machine Gun Ammo,527,527,jav,LMG,30,Damage,,,,,,,,,,,,,Adds specialized storage for enhanced Light Machine Gun ammunition. Increases damage by 30% of base damage.,"On a consecutive LMG hit-streak (10), shots freeze the target. ",,,,,,,,,
157,Giant Slayer (75),universal,75,Legendary,Marksman Rifle Ammo,527,527,jav,Mks Rifle,30,Damage,,,,,,,,,,,,,Adds specialized storage for enhanced marksman rifle ammunition. Increases damage by 30% of Base damage,Increases weak point damage by 50% after a consecutive Marksman rifle hit streak [5]. ,Giant Slayer Boost,jav,Critical,Damage,50,,,,
158,Rapid Hollow Points (75),universal,75,Legendary,Machine Pistol Ammo,527,527,jav,Mch Pistol,30,Damage,jav,Autocannon,30,Damage,,,,,,,,,Adds specialized ammo storage for machine pistols and autocannons. Increases damage by 30%. ,Increases weak point damage of machine pistols and autocannons. ,,,,,,,,,
159,Rejuvenating Ammo (75),universal,75,Legendary,Ammo Compartment,527,527,jav,Weap,30,Ammo,,,,,,,,,,,,,Increases reserve ammo for all equipped guns by 30% of base capacity.,Replenishes armor by 20% when picking up an ammo pack. ,,,,,,,,,
160,Softened Blows (75),universal,75,Legendary,Shield Reinforcement,527,3166,,,,,,,,,,,,,,,,,Increases javelin shields by a large amount. ,Increases damage resistance by 75% for 5 seconds when shields run out.,Softened Blows Bulwark,jav,Damage,Resist,75,,,,
161,Symbiotic Surge (75),universal,75,Legendary,Armor Reinforcement,3166,527,,,,,,,,,,,,,,,,,Increases javelin armor by a large amount.,Increases all damage by 50% for 10 seconds when picking up a repair pack. ,Symbiotic Surge Boost,jav,All,Damage,50,,,,
162,Thermal Cooling (75),universal,75,Legendary,Heat Sink,527,527,jav,Thruster,50,Life,,,,,,,,,,,,,Increases the javelin's heat capacity by 50% of the base capacity to allow the javelin to fly more effectively.,Reduces time you stay overheated significantly. ,,,,,,,,,
163,Rapid Arms Ammo (38),universal,38,Epic,Rapid Arms Ammo,113,113,jav,Mch Pistol,15,Damage,jav,Autocannon,15,,,,,,,,,,Adds specialized ammo storage for machine pistols and autocannons. Increases damage by 15%.,,,,,,,,,,
